{
    "spider": "http://127.0.0.1:9978/file/TVBoxOSC/本地仓/spider.jar",
    "wallpaper": "http://bobohome.ignorelist.com:20247/bing",
    "logo": "http://127.0.0.1:9978/file/TVBox/logo.png",
    "sites": [
        {
            "key": "豆瓣",
            "name": "豆瓣｜首页",
            "type": 3,
            "api": "csp_Douban",
            "searchable": 0
        },
        {
            "key": "配置中心",
            "name": "配置｜中心",
            "type": 3,
            "api": "csp_Config",
            "searchable": 0,
            "changeable": 0,
            "indexs": 0,
            "style": {
                "type": "rect",
                "ratio": 1.597
            }
        },
        {
            "key": "本地",
            "name": "本地｜视频",
            "type": 3,
            "api": "csp_LocalFile"
        },
        {
            "key": "预告",
            "name": "新片｜预告",
            "type": 3,
            "api": "csp_YGP",
            "searchable": 0
        },
        {
            "key": "热播影视",
            "name": "热播｜APP",
            "type": 3,
            "api": "csp_AppRJ",
            "searchable": 1,
            "quickSearch": 1,
            "filterable": 0,
            "ext": {
                "url": "http://v.rbotv.cn"
            }
        },
        {
            "key": "吉米",
            "name": "吉米｜APP",
            "type": 3,
            "api": "csp_AppFox",
            "ext": {
                "host": "http://fox.tvmao.top"
            }
        },
        {
            "key": "二三",
            "name": "二三｜APP",
            "type": 3,
            "api": "csp_AppFox",
            "ext": {
                "host": "http://a.cfys.xn--fiqs8s"
            }
        },
        {
            "key": "恋鱼",
            "name": "恋鱼｜APP",
            "type": 3,
            "api": "csp_AppFox",
            "ext": {
                "host": "https://173220859-1333208043.cos.ap-shanghai.myqcloud.com/1.json",
                "ver": 2
            }
        },
        {
            "key": "木瓜",
            "name": "木瓜｜APP",
            "type": 3,
            "api": "csp_AppFox",
            "ext": {
                "host": "http://www.yezitv.top"
            }
        },
        {
            "key": "和友",
            "name": "和友｜APP",
            "type": 3,
            "api": "csp_AppSy",
            "ext": {
                "site": "http://qcb.sxtzg.com/api.txt",
                "siteKey": "rectangleadsadxa",
                "listKey": "gHSLmx3JQRasgztO",
                "parsesKey": "gHSLmx3JQRasgztO"
            }
        },
        {
            "key": "金牌",
            "name": "金牌┃APP",
            "type": 3,
            "searchable": 1,
            "changeable": 1,
            "api": "csp_AppQi",
            "ext": {
                "site": "https://dtqj1.gg1080.com:443/dtjp.txt",
                "dataKey": "kecbio48dsq131ed",
                "dataIv": "kecbio48dsq131ed"
            }
        },
        {
            "key": "爱盈",
            "name": "爱盈｜APP",
            "type": 3,
            "api": "csp_AppQi",
            "changeable": "1",
            "quickSearch": 0,
            "filterable": 1,
            "ext": {
                "site": "https://aysappto.oss-cn-chengdu.aliyuncs.com/qj3.txt",
                "dataKey": "sda1231sasddad21",
                "dataIv": "sda1231sasddad21",
                "ua": "okhttp/3.10.0"
            }
        },
        {
            "key": "顾我",
            "name": "顾我｜APP",
            "type": 3,
            "api": "csp_AppQi",
            "changeable": "1",
            "quickSearch": 0,
            "filterable": 1,
            "ext": {
                "site": "https://guwozj-1319364746.cos.ap-guangzhou.myqcloud.com/guwo.txt",
                "dataKey": "ca94b06ca3c7d80e",
                "dataIv": "ca94b06ca3c7d80e",
                "ua": "okhttp/3.10.0"
            }
        },
        {
            "key": "仓鼠",
            "name": "仓鼠｜APP",
            "type": 3,
            "quickSearch": 1,
            "api": "csp_AppQi",
            "ext": {
                "site": "https://ceshi307386.oss-cn-beijing.aliyuncs.com/ceshi421.txt",
                "dataKey": "da61247f5b662597",
                "dataIv": "da61247f5b662597",
                "version": "120"
            }
        },
        {
            "key": "鲸鱼",
            "name": "鲸鱼｜APP",
            "type": 3,
            "quickSearch": 1,
            "api": "csp_AppQi",
            "ext": {
                "site": "https://jingyu4k-1312635929.cos.ap-nanjing.myqcloud.com/1.json",
                "dataKey": "AAdgrdghjfgswerA",
                "dataIv": "AAdgrdghjfgswerA"
            }
        },
        {
            "key": "小猪",
            "name": "小猪丨APP",
            "type": 3,
            "quickSearch": 1,
            "api": "csp_AppQi",
            "ext": {
                "site": "https://tiantangyoulu.oss-cn-beijing.aliyuncs.com/tengxunyun.txt",
                "dataKey": "seb5tq9mykp2w9ry",
                "dataIv": "seb5tq9mykp2w9ry",
                "ua": "okhttp/3.10.0"
            }
        },
        {
            "key": "云云",
            "name": "云云丨APP",
            "type": 3,
            "quickSearch": 1,
            "api": "csp_AppQi",
            "ext": {
                "site": "https://staraugust123456.oss-cn-hangzhou.aliyuncs.com/2.txt",
                "dataKey": "staraugust123456",
                "dataIv": "staraugust123456",
                "version": "120"
            }
        },
        {
            "key": "火花",
            "name": "火花｜APP",
            "type": 3,
            "searchable": 1,
            "changeable": 1,
            "api": "csp_AppGet",
            "ext": {
                "site": "http://php.itcxo.cn/txt/1.txt",
                "dataKey": "PoiUytRedFghjklm",
                "dataIv": "PoiUytRedFghjklm"
            }
        },
        {
            "key": "椰子",
            "name": "椰子｜APP",
            "type": 3,
            "searchable": 1,
            "changeable": 1,
            "api": "csp_AppGet",
            "ext": {
                "url": "http://103.109.20.117:6699",
                "dataKey": "xxm9N4P9rS2zjdyz",
                "dataIv": "xxm9N4P9rS2zjdyz"
            }
        },
        {
            "key": "剧猫",
            "name": "剧猫｜APP",
            "type": 3,
            "searchable": 1,
            "changeable": 1,
            "api": "csp_AppGet",
            "ext": {
                "site": "https://zjm-1302383509.cos.ap-guangzhou.myqcloud.com/zjm.txt",
                "dataKey": "zjmznbl2026zcxgb",
                "dataIv": "zjmznbl2026zcxgb"
            }
        },
        {
            "key": "爱看",
            "name": "爱看｜APP",
            "type": 3,
            "searchable": 1,
            "changeable": 1,
            "api": "csp_AppGet",
            "ext": {
                "url": "https://wiffxm.cn",
                "dataKey": "AvwBFPUtGTEYPbY4",
                "dataIv": "AvwBFPUtGTEYPbY4"
            }
        },
        {
            "key": "剧梦",
            "name": "剧梦｜APP",
            "type": 3,
            "searchable": 1,
            "changeable": 1,
            "api": "csp_AppGet",
            "ext": {
                "url": "https://www.jumengwu.com",
                "dataKey": "1f0a873caf2550a5",
                "dataIv": "1f0a873caf2550a5"
            }
        },
        {
            "key": "缘梦",
            "name": "缘梦｜APP",
            "type": 3,
            "searchable": 1,
            "changeable": 1,
            "api": "csp_AppGet",
            "ext": {
                "url": "https://www.zipfve.cn",
                "dataKey": "1234567890987654",
                "dataIv": "1234567890987654"
            }
        },
        {
            "key": "麻花",
            "name": "麻花｜APP",
            "type": 3,
            "searchable": 1,
            "changeable": 1,
            "api": "csp_AppGet",
            "ext": {
                "url": "http://49.235.114.19:150",
                "dataKey": "q7gj4f9br3fls6nh",
                "dataIv": "q7gj4f9br3fls6nh"
            }
        },
        {
            "key": "星空",
            "name": "星空｜APP",
            "type": 3,
            "searchable": 1,
            "changeable": 1,
            "api": "csp_AppGet",
            "ext": {
                "url": "http://43.154.4.75",
                "dataKey": "HDk-7CnlK8SQUGLg",
                "dataIv": "HDk-7CnlK8SQUGLg"
            }
        },
        {
            "key": "冷心",
            "name": "冷心｜APP",
            "type": 3,
            "api": "csp_AppGet",
            "ext": {
                "url": "https://dy.58ys.vip",
                "dataKey": "JEWibY1AgWF0V1xx",
                "dataIv": "JEWibY1AgWF0V1xx"
            }
        },
        {
            "key": "火猫",
            "name": "火猫｜APP",
            "type": 3,
            "api": "csp_AppGet",
            "ext": {
                "url": "http://103.23.148.70:14500",
                "dataKey": "J6AIORKJ3PQOJKM8",
                "dataIv": "J6AIORKJ3PQOJKM8"
            }
        },
        {
            "key": "魔方",
            "name": "魔方｜APP",
            "type": 3,
            "searchable": 1,
            "changeable": 1,
            "api": "csp_AppGet",
            "ext": {
                "url": "https://www.mfsp4k.top",
                "dataKey": "1234567887654321",
                "dataIv": "1234567887654321"
            }
        },
        {
            "key": "小猫",
            "name": "小猫｜APP",
            "type": 3,
            "searchable": 1,
            "changeable": 1,
            "api": "csp_AppGet",
            "ext": {
                "site": "http://xywlkj.oss-cn-beijing.aliyuncs.com/wp-content/uploads/2024/12/1.txt",
                "dataKey": "xmyxmyxywlkjxywl",
                "dataIv": "xmyxmyxywlkjxywl"
            }
        },
        {
            "key": "瑞奇",
            "name": "瑞奇｜APP",
            "type": 3,
            "searchable": 1,
            "api": "csp_AppGet",
            "ext": {
                "url": "http://rqxk.gdata.fun",
                "dataKey": "yangruiqiYsapp00",
                "dataIv": "yangruiqiYsapp00"
            }
        },
        {
            "key": "优势",
            "name": "优势丨APP",
            "type": 3,
            "quickSearch": 1,
            "api": "csp_AppGet",
            "ext": {
                "url": "http://zxy-ys.810211.dpdns.org",
                "dataKey": "1234567890123456",
                "dataIv": "1234567890123456"
            }
        },
        {
            "key": "茉莉",
            "name": "茉莉｜APP",
            "type": 3,
            "searchable": 1,
            "api": "csp_AppGet",
            "ext": {
                "site": "https://gitee.com/wmmoliill/wimg/raw/master/img/bk/9.txt",
                "dataKey": "88689667dce61725",
                "dataIv": "88689667dce61725"
            }
        },
        {
            "key": "坚果",
            "name": "坚果｜APP",
            "type": 3,
            "quickSearch": 1,
            "api": "csp_AppGet",
            "ext": {
                "site": "https://qiliniao-1331306839.cos.ap-chengdu.myqcloud.com/jg.txt",
                "dataKey": "2015692015692015",
                "dataIv": "2015692015692015"
            }
        },
        {
            "key": "星空",
            "name": "星空｜APP",
            "type": 3,
            "quickSearch": 1,
            "api": "csp_AppGet",
            "ext": {
                "url": "http://xkcms.xkgzs.xyz",
                "dataKey": "AJcdjkAjkdJDkvcd",
                "dataIv": "AJcdjkAjkdJDkvcd"
            }
        },
        {
            "key": "数字",
            "name": "数字｜APP",
            "type": 3,
            "quickSearch": 1,
            "api": "csp_AppGet",
            "ext": {
                "url": "http://app1-0-0.87333.cc",
                "dataKey": "VwsHxkCViDXEExWa",
                "dataIv": "VwsHxkCViDXEExWa"
            }
        },
        {
            "key": "火锅",
            "name": "火锅｜APP",
            "type": 3,
            "quickSearch": 1,
            "api": "csp_AppGet",
            "ext": {
                "url": "https://ios.hgyx.vip",
                "dataKey": "062dec75d039980e",
                "dataIv": "062dec75d039980e",
                "ua": "Dart/3.5 (dart:io)"
            }
        },
        {
            "key": "八天",
            "name": "八天丨APP",
            "type": 3,
            "quickSearch": 1,
            "api": "csp_AppGet",
            "ext": {
                "url": "https://dy.8ttv.cn",
                "dataKey": "1111111111111111",
                "dataIv": "1111111111111111"
            }
        },
        {
            "key": "紫金",
            "name": "紫金丨APP",
            "type": 3,
            "quickSearch": 1,
            "api": "csp_AppGet",
            "ext": {
                "url": "http://www.zjcvod.com",
                "dataKey": "ab4e9a421675f14b",
                "dataIv": "ab4e9a421675f14b"
            }
        },
        {
            "key": "星星",
            "name": "星星丨APP",
            "type": 3,
            "quickSearch": 1,
            "api": "csp_AppGet",
            "ext": {
                "url": "http://starani.qcanime.xyz",
                "dataKey": "123456789StarAni",
                "dataIv": "123456789StarAni",
                "ua": "okhttp/3.10.0 BDYS/109.0.0.8"
            }
        },
        {
            "key": "稀饭",
            "name": "稀饭丨APP",
            "type": 3,
            "quickSearch": 1,
            "api": "csp_AppGet",
            "ext": {
                "url": "https://app.xifanys.com",
                "dataKey": "HM6Ly9yeS4ya3dvL",
                "dataIv": "HM6Ly9yeS4ya3dvL"
            }
        },
        {
            "key": "五八",
            "name": "五八丨APP",
            "type": 3,
            "quickSearch": 1,
            "api": "csp_AppGet",
            "ext": {
                "url": "https://dy.58ys.vip",
                "dataKey": "JEWibY1AgWF0V1xx",
                "dataIv": "JEWibY1AgWF0V1xx"
            }
        },
        {
            "key": "驿站",
            "name": "驿站丨APP",
            "type": 3,
            "quickSearch": 1,
            "api": "csp_AppGet",
            "ext": {
                "site": "https://dyyztvappapigoodgx.68.gy:12689/ciwk28vu38io8/apiurl.txt",
                "dataKey": "dyyztvapiappyyds",
                "dataIv": "dyyztvapiappyyds"
            }
        },
        {
            "key": "莱米",
            "name": "莱米｜APP",
            "type": 3,
            "quickSearch": 1,
            "api": "csp_AppGet",
            "ext": {
                "site": "http://laiget-1313189639.cos.ap-guangzhou.myqcloud.com/laimi.txt",
                "dataKey": "ce032244d093b3e2",
                "dataIv": "ce032244d093b3e2"
            }
        },
        {
            "key": "灵虎",
            "name": "灵虎｜APP",
            "type": 3,
            "quickSearch": 1,
            "api": "csp_AppGet",
            "ext": {
                "site": "https://bind.315999.xyz/89.txt",
                "dataKey": "#getapp@TMD@2025",
                "dataIv": "#getapp@TMD@2025",
                "version": "120"
            }
        },
        {
            "key": "旗星",
            "name": "旗星｜APP",
            "type": 3,
            "quickSearch": 1,
            "api": "csp_AppGet",
            "ext": {
                "url": "http://ys.qist.top",
                "dataKey": "2SWSPFxugBLPPOKo",
                "dataIv": "2SWSPFxugBLPPOKo",
                "version": "120"
            }
        },
        {
            "key": "哔哩视频",
            "name": "哔哩｜视频",
            "type": 3,
            "api": "csp_BiliYS",
            "searchable": 1,
            "quickSearch": 0,
            "filterable": 0,
            "changeable": 0,
            "style": {
                "type": "rect",
                "ratio": 1.433
            },
            "ext": {
                "json": "./json/哔哩视频.json",
                "cookie": "http://127.0.0.1:9978/file/TVBox/bili_cookie.txt"
            }
        },
        {
            "key": "腾讯视频",
            "name": "腾讯｜视频",
            "type": 3,
            "api": "./js/drpy2.min.js",
            "ext": "./js/腾讯视频.js"
        },
        {
            "key": "优酷视频",
            "name": "优酷｜视频",
            "type": 3,
            "api": "./js/drpy2.min.js",
            "ext": "./js/优酷视频.js"
        },
        {
            "key": "芒果视频",
            "name": "芒果｜视频",
            "type": 3,
            "api": "./js/drpy2.min.js",
            "ext": "./js/芒果视频.js"
        },
        {
            "key": "爱奇艺",
            "name": "爱奇艺｜视频",
            "type": 3,
            "api": "./js/drpy2.min.js",
            "ext": "./js/爱奇艺.js"
        },
        {
            "key": "三六零",
            "name": "三六零｜视频",
            "type": 3,
            "api": "csp_SP360"
        },
        {
            "key": "哔哩合集",
            "name": "哔哩｜合集",
            "type": 3,
            "api": "csp_Bili",
            "searchable": 1,
            "quickSearch": 0,
            "filterable": 0,
            "changeable": 0,
            "style": {
                "type": "rect",
                "ratio": 1.433
            },
            "ext": {
                "json": "./json/哔哩合集.json",
                "cookie": "http://127.0.0.1:9978/file/TVBox/bili_cookie.txt"
            }
        },
        {
            "key": "笒鬼短剧",
            "name": "笒鬼｜短剧",
            "type": 3,
            "api": "csp_CenguiDJ",
            "searchable": 1,
            "changeable": 1,
            "quickSearch": 1,
            "filterable": 1
        },
        {
            "key": "星芽短剧",
            "name": "星芽｜短剧",
            "type": 3,
            "api": "./py/星芽短剧.py",
            "searchable": 1,
            "changeable": 1,
            "quickSearch": 1,
            "filterable": 1
        },
        {
            "key": "甜圈短剧",
            "name": "甜圈｜短剧",
            "type": 3,
            "api": "./py/甜圈短剧.py",
            "searchable": 1,
            "changeable": 1,
            "quickSearch": 1,
            "filterable": 1
        },
        {
            "key": "剧王短剧",
            "name": "剧王｜短剧",
            "type": 3,
            "api": "./py/剧王短剧.py",
            "searchable": 1,
            "changeable": 1,
            "quickSearch": 1,
            "filterable": 1
        },
        {
            "key": "番茄短剧",
            "name": "番茄｜短剧",
            "type": 3,
            "api": "csp_XBPQ",
            "ext": "./XBPQ/番茄短剧.json"
        },
        {
            "key": "厂长影视",
            "name": "厂长｜影视",
            "type": 3,
            "api": "csp_Czsapp",
            "searchable": 1,
            "quickSearch": 1,
            "filterable": 1,
            "ext": "https://www.czzymovie.com"
        },
        {
            "key": "金牌影视",
            "name": "金牌｜影视",
            "type": 3,
            "api": "csp_Jpys",
            "ext": "https://y2s52n7.com,https://m.hkybqufgh.com,https://m.sizhengxt.com,https://m.9zhoukj.com,https://m.sizhengxt.com,https://m.jiabaide.cn"
        },
        {
            "key": "云播影视",
            "name": "云播｜影视",
            "type": 3,
            "api": "csp_Tvyb",
            "ext": "http://www.viptv05.com"
        },
        {
            "key": "奇优影视",
            "name": "奇优｜影视",
            "type": 3,
            "api": "csp_Qiyou"
        },
        {
            "key": "苹果影视",
            "name": "苹果｜影视",
            "type": 3,
            "api": "csp_LiteApple",
            "searchable": 1,
            "quickSearch": 1,
            "filterable": 1
        },
        {
            "key": "全网影视",
            "name": "全看｜影视",
            "type": 3,
            "api": "csp_Quanwk",
            "ext": "https://www.91qkw.com"
        },
        {
            "key": "饺子影视",
            "name": "饺子｜影视",
            "type": 3,
            "api": "csp_Jiaozi"
        },
        {
            "key": "瓜子影视",
            "name": "瓜子｜影视",
            "type": 3,
            "api": "csp_Gz360",
            "searchable": 1,
            "quickSearch": 1,
            "filterable": 1
        },
        {
            "key": "骚火影视",
            "name": "骚火｜影视",
            "type": 3,
            "api": "csp_SaoHuo",
            "playerType": 2,
            "ext": "https://shdy5.us"
        },
        {
            "key": "农民影视",
            "name": "农民｜影视",
            "type": 3,
            "api": "csp_Wwys",
            "ext": "https://vip.wwgz.cn:5200"
        },
        {
            "key": "爱看机器人",
            "name": "爱看｜影视",
            "type": 3,
            "api": "csp_Ikanbot",
            "searchable": 1,
            "quickSearch": 1,
            "filterable": 1
        },
        {
            "key": "莫小影视",
            "name": "莫小｜影视",
            "type": 3,
            "api": "csp_XBPQ",
            "ext": "./XBPQ/莫小影视.json"
        },
        {
            "key": "明星影视",
            "name": "明星｜影视",
            "type": 3,
            "api": "csp_XBPQ",
            "ext": "./XBPQ/明星影视.json"
        },
        {
            "key": "面包影视",
            "name": "面包｜影视",
            "type": 3,
            "api": "csp_XBPQ",
            "ext": "./XBPQ/面包影视.json"
        },
        {
            "key": "永乐影视",
            "name": "永乐｜影视",
            "type": 3,
            "api": "csp_XBPQ",
            "ext": "./XBPQ/永乐影视.json"
        },
        {
            "key": "三九影视",
            "name": "三九｜影视",
            "type": 3,
            "api": "csp_XBPQ",
            "ext": "./XBPQ/三九影视.json"
        },
        {
            "key": "采集之王",
            "name": "采集｜合集",
            "type": 3,
            "api": "./js/drpy2.min.js",
            "ext": "./js/采集之王.js?type=url&params=../json/采集静态.json$1$1"
        },
        {
            "key": "1905",
            "name": "1905｜影视",
            "type": 3,
            "api": "csp_Web1905",
            "searchable": 1,
            "quickSearch": 0,
            "filterable": 0
        },
        {
            "key": "版本信息",
            "name": "版本｜信息",
            "type": 3,
            "api": "csp_Market",
            "searchable": 0,
            "changeable": 0,
            "indexs": 0,
            "ext": "https://pizazz.s3.bitiful.net/multi.json"
        },
        {
            "key": "push_agent",
            "name": "手机｜推送",
            "type": 3,
            "api": "csp_Push",
            "searchable": 0,
            "filterable": 0,
            "changeable": 0
        }
    ],
    "parses": [
        {
            "name": "虾米",
            "type": 0,
            "url": "https://jx.xmflv.com/?url=",
            "ext": {
                "header": {
                    "user-agent": "Mozilla/5.0 (Windows NT 10.0; Win64; x64) AppleWebKit/537.36 (KHTML, like Gecko) Chrome/110.0.0.0 Safari/537.36 Edg/110.0.1587.57"
                }
            }
        },
        {
            "name": "咸鱼",
            "type": 0,
            "url": "https://jx.xymp4.cc/?url=",
            "ext": {
                "header": {
                    "user-agent": "Mozilla/5.0 (X11; Linux x86_64) AppleWebKit/537.36 (KHTML, like Gecko) Chrome/134.0.0.0 Safari/537.36 Edg/134.0.3124.68"
                }
            }
        },
        {
            "name": "淘片",
            "type": 0,
            "url": "https://jx.yparse.com/index.php?url=",
            "ext": {
                "header": {
                    "user-agent": "Mozilla/5.0 (Linux; Android 13; V2049A Build/TP1A.220624.014; wv) AppleWebKit/537.36 (KHTML, like Gecko) Version/4.0 Chrome/116.0.0.0 Mobile Safari/537.36"
                }
            }
        },
        {
            "name": "冰豆",
            "type": 0,
            "url": "https://bd.jx.cn/?url=",
            "ext": {
                "header": {
                    "user-agent": "Mozilla/5.0 (Linux; Android 13; V2049A Build/TP1A.220624.014; wv) AppleWebKit/537.36 (KHTML, like Gecko) Version/4.0 Chrome/116.0.0.0 Mobile Safari/537.36"
                }
            }
        },
        {
            "name": "七七",
            "type": 0,
            "url": "https://jx.77flv.cc/?url=",
            "ext": {
                "header": {
                    "user-agent": "Mozilla/5.0 (Linux; Android 13; V2049A Build/TP1A.220624.014; wv) AppleWebKit/537.36 (KHTML, like Gecko) Version/4.0 Chrome/116.0.0.0 Mobile Safari/537.36"
                }
            }
        },
        {
            "name": "盘古",
            "type": 0,
            "url": "https://www.playm3u8.cn/jiexi.php?url=",
            "ext": {
                "header": {
                    "user-agent": "Mozilla/5.0 (Linux; Android 13; V2049A Build/TP1A.220624.014; wv) AppleWebKit/537.36 (KHTML, like Gecko) Version/4.0 Chrome/116.0.0.0 Mobile Safari/537.36"
                }
            }
        },
        {
            "name": "夜幕",
            "type": 0,
            "url": "https://yemu.xyz/?url=",
            "ext": {
                "header": {
                    "user-agent": "Mozilla/5.0 (Linux; Android 13; V2049A Build/TP1A.220624.014; wv) AppleWebKit/537.36 (KHTML, like Gecko) Version/4.0 Chrome/116.0.0.0 Mobile Safari/537.36"
                }
            }
        }
    ],
    "rules": [
        {
            "name": "农民",
            "hosts": [
                "toutiaovod.com"
            ],
            "regex": [
                "video/tos/cn"
            ]
        },
        {
            "name": "火山",
            "hosts": [
                "huoshan.com"
            ],
            "regex": [
                "item_id="
            ]
        },
        {
            "name": "抖音",
            "hosts": [
                "douyin.com"
            ],
            "regex": [
                "is_play_url="
            ]
        },
        {
            "name": "磁力广告",
            "hosts": [
                "magnet"
            ],
            "regex": [
                "更多",
                "请访问",
                "example",
                "社 區",
                "x u u",
                "直 播",
                "更 新",
                "社 区",
                "有趣",
                "有 趣",
                "英皇体育",
                "全中文AV在线",
                "澳门皇冠赌场",
                "哥哥快来",
                "美女荷官",
                "裸聊",
                "新片首发",
                "UUE29"
            ]
        },
        {
            "name": "饭团点击",
            "hosts": [
                "dadagui",
                "freeok",
                "dadagui"
            ],
            "script": [
                "document.querySelector(\"#playleftiframe\").contentWindow.document.querySelector(\"#start\").click();"
            ]
        },
        {
            "name": "毛驴点击",
            "hosts": [
                "www.maolvys.com"
            ],
            "script": [
                "document.getElementsByClassName('swal-buttonswal-button--confirm')[0].click()"
            ]
        }
    ],
    "doh": [
        {
            "name": "Google",
            "url": "https://dns.google/dns-query",
            "ips": [
                "8.8.4.4",
                "8.8.8.8"
            ]
        },
        {
            "name": "Cloudflare",
            "url": "https://cloudflare-dns.com/dns-query",
            "ips": [
                "1.1.1.1",
                "1.0.0.1",
                "2606:4700:4700::1111",
                "2606:4700:4700::1001"
            ]
        },
        {
            "name": "AdGuard",
            "url": "https://dns.adguard.com/dns-query",
            "ips": [
                "94.140.14.140",
                "94.140.14.141"
            ]
        },
        {
            "name": "DNSWatch",
            "url": "https://resolver2.dns.watch/dns-query",
            "ips": [
                "84.200.69.80",
                "84.200.70.40"
            ]
        },
        {
            "name": "Quad9",
            "url": "https://dns.quad9.net/dns-quer",
            "ips": [
                "9.9.9.9",
                "149.112.112.112"
            ]
        }
    ],
    "flags": [
        "youku",
        "优酷",
        "优 酷",
        "优酷视频",
        "qq",
        "腾讯",
        "腾 讯",
        "腾讯视频",
        "iqiyi",
        "qiyi",
        "奇艺",
        "爱奇艺",
        "爱 奇 艺",
        "m1905",
        "xigua",
        "letv",
        "leshi",
        "乐视",
        "乐 视",
        "sohu",
        "搜狐",
        "搜 狐",
        "搜狐视频",
        "tudou",
        "pptv",
        "mgtv",
        "芒果",
        "imgo",
        "芒果TV",
        "芒 果 T V",
        "bilibili",
        "哔 哩",
        "哔 哩 哔 哩"
    ],
    "ijk": [
        {
            "group": "软解码",
            "options": [
                {
                    "category": 4,
                    "name": "opensles",
                    "value": "0"
                },
                {
                    "category": 4,
                    "name": "overlay-format",
                    "value": "842225234"
                },
                {
                    "category": 4,
                    "name": "framedrop",
                    "value": "1"
                },
                {
                    "category": 4,
                    "name": "soundtouch",
                    "value": "1"
                },
                {
                    "category": 4,
                    "name": "start-on-prepared",
                    "value": "1"
                },
                {
                    "category": 1,
                    "name": "http-detect-range-support",
                    "value": "0"
                },
                {
                    "category": 1,
                    "name": "fflags",
                    "value": "fastseek"
                },
                {
                    "category": 2,
                    "name": "skip_loop_filter",
                    "value": "48"
                },
                {
                    "category": 4,
                    "name": "reconnect",
                    "value": "1"
                },
                {
                    "category": 4,
                    "name": "enable-accurate-seek",
                    "value": "0"
                },
                {
                    "category": 4,
                    "name": "mediacodec",
                    "value": "0"
                },
                {
                    "category": 4,
                    "name": "mediacodec-auto-rotate",
                    "value": "0"
                },
                {
                    "category": 4,
                    "name": "mediacodec-handle-resolution-change",
                    "value": "0"
                },
                {
                    "category": 4,
                    "name": "mediacodec-hevc",
                    "value": "0"
                },
                {
                    "category": 1,
                    "name": "dns_cache_timeout",
                    "value": "600000000"
                }
            ]
        },
        {
            "group": "硬解码",
            "options": [
                {
                    "category": 4,
                    "name": "opensles",
                    "value": "0"
                },
                {
                    "category": 4,
                    "name": "overlay-format",
                    "value": "842225234"
                },
                {
                    "category": 4,
                    "name": "framedrop",
                    "value": "1"
                },
                {
                    "category": 4,
                    "name": "soundtouch",
                    "value": "1"
                },
                {
                    "category": 4,
                    "name": "start-on-prepared",
                    "value": "1"
                },
                {
                    "category": 1,
                    "name": "http-detect-range-support",
                    "value": "0"
                },
                {
                    "category": 1,
                    "name": "fflags",
                    "value": "fastseek"
                },
                {
                    "category": 2,
                    "name": "skip_loop_filter",
                    "value": "48"
                },
                {
                    "category": 4,
                    "name": "reconnect",
                    "value": "1"
                },
                {
                    "category": 4,
                    "name": "enable-accurate-seek",
                    "value": "0"
                },
                {
                    "category": 4,
                    "name": "mediacodec",
                    "value": "1"
                },
                {
                    "category": 4,
                    "name": "mediacodec-auto-rotate",
                    "value": "1"
                },
                {
                    "category": 4,
                    "name": "mediacodec-handle-resolution-change",
                    "value": "1"
                },
                {
                    "category": 4,
                    "name": "mediacodec-hevc",
                    "value": "1"
                },
                {
                    "category": 1,
                    "name": "dns_cache_timeout",
                    "value": "600000000"
                }
            ]
        }
    ],
    "ads": [
        "static-mozai.4gtv.tv"
    ]
}