{
    "spider": "http://127.0.0.1:9978/file/TVBoxOSC/本地仓/spider.jar",
    "wallpaper": "http://127.0.0.1:9978/proxy?do=wallpaper",
    "logo": "http://127.0.0.1:9978/file/TVBox/logo.png",
    "sites": [
        {
            "key": "哆啦新番社",
            "name": "哆啦｜新番社",
            "type": 3,
            "api": "csp_XBPQ",
            "style": {
                "type": "list"
            },
            "ext": "./XBPQ/哆啦新番社.json"
        },
        {
            "key": "Anime1",
            "name": "A1｜动漫",
            "type": 3,
            "api": "./js/drpy2.min.js",
            "ext": "./js/Anime1.js"
        },
        {
            "key": "NT动漫",
            "name": "NT｜动漫",
            "type": 3,
            "api": "./js/drpy2.min.js",
            "ext": "./js/NT动漫.js"
        },
        {
            "key": "漫国动漫",
            "name": "漫国丨动漫",
            "type": 3,
            "searchable": 1,
            "api": "csp_AppSy",
            "ext": {
                "site": "https://dm-1255775577.cos.ap-guangzhou.myqcloud.com/dmg/api.txt",
                "siteKey": "rectangleadsadxa",
                "listKey": "aassddwwxxllsx1x",
                "parsesKey": "aassddwwxxllsx1x"
            }
        },
        {
            "key": "云屋动漫",
            "name": "云屋｜动漫",
            "type": 3,
            "searchable": 1,
            "api": "csp_AppGet",
            "ext": {
                "url": "https://www.yunwuee.icu",
                "dataKey": "ygcnb9bdcmb8aeiw",
                "dataIv": "ygcnb9bdcmb8aeiw"
            }
        },
        {
            "key": "卡卡动漫",
            "name": "卡卡｜动漫",
            "type": 3,
            "searchable": 1,
            "api": "csp_AppGet",
            "ext": {
                "url": "http://154.201.90.53:8002",
                "dataKey": "123456789abcdefg",
                "dataIv": "123456789abcdefg"
            }
        },
        {
            "key": "丫丫动漫",
            "name": "丫丫｜动漫",
            "type": 3,
            "searchable": 1,
            "api": "csp_AppGet",
            "ext": {
                "url": "http://tv.yy-fun.cc",
                "dataKey": "qkxnwkfjwpcnwycl",
                "dataIv": "qkxnwkfjwpcnwycl"
            }
        },
        {
            "key": "冬日动漫",
            "name": "冬日丨动漫",
            "type": 3,
            "searchable": 1,
            "api": "csp_AppGet",
            "ext": {
                "url": "http://www.drdm.fun",
                "dataKey": "qE2nD0rL1lH4uP9r",
                "dataIv": "qE2nD0rL1lH4uP9r"
            }
        },
        {
            "key": "方舟动漫",
            "name": "方舟丨动漫",
            "type": 3,
            "searchable": 1,
            "api": "csp_AppGet",
            "ext": {
                "url": "https://www.cyfz.vip",
                "dataKey": "e72cdfd629e8895d",
                "dataIv": "e72cdfd629e8895d"
            }
        },
        {
            "key": "元咲动漫",
            "name": "元咲丨动漫",
            "type": 3,
            "searchable": 1,
            "api": "csp_AppGet",
            "ext": {
                "url": "http://cic.aicg.fun",
                "dataKey": "2c4h36abd96se10u",
                "dataIv": "2c4h36abd96se10u"
            }
        },
        {
            "key": "番薯动漫",
            "name": "番薯丨动漫",
            "type": 3,
            "searchable": 1,
            "api": "csp_AppGet",
            "ext": {
                "url": "https://new.app.bytegooty.com",
                "dataKey": "N4yj7l7xKxHF4*gz",
                "dataIv": "N4yj7l7xKxHF4*gz"
            }
        },
        {
            "key": "曼波动漫",
            "name": "曼波｜动漫",
            "type": 3,
            "searchable": 1,
            "api": "csp_AppGet",
            "ext": {
                "url": "https://app.omofun1.top",
                "dataKey": "66dc309cbeeca454",
                "dataIv": "66dc309cbeeca454"
            }
        },
        {
            "key": "咕咕动漫",
            "name": "咕咕｜动漫",
            "type": 3,
            "searchable": 1,
            "api": "csp_AppGet",
            "ext": {
                "url": "https://www.gugu3.com",
                "dataKey": "nKfZ8KX6JTNWRzTD",
                "dataIv": "nKfZ8KX6JTNWRzTD"
            }
        },
        {
            "key": "米饭动漫",
            "name": "米饭｜动漫",
            "type": 3,
            "searchable": 1,
            "api": "csp_AppGet",
            "ext": {
                "url": "https://get.mymifun.com",
                "dataKey": "GETMIFUNGEIMIFUN",
                "dataIv": "GETMIFUNGEIMIFUN"
            }
        },
        {
            "key": "樱花动漫",
            "name": "樱花｜动漫",
            "type": 3,
            "api": "csp_XBPQ",
            "ext": "./XBPQ/樱花动漫.json"
        },
        {
            "key": "巴士动漫",
            "name": "巴士｜动漫",
            "type": 3,
            "api": "csp_XYQHiker",
            "ext": "./XYQHiker/巴士动漫.json"
        },
        {
            "key": "花子动漫",
            "name": "花子｜动漫",
            "type": 3,
            "api": "./js/drpy2.min.js",
            "ext": "./js/花子动漫.js"
        },
        {
            "key": "爱动漫",
            "name": "爱动漫｜动漫",
            "type": 3,
            "api": "./js/drpy2.min.js",
            "ext": "./js/爱动漫.js"
        },
        {
            "key": "路漫漫",
            "name": "路漫漫｜动漫",
            "type": 3,
            "api": "./js/drpy2.min.js",
            "ext": "./js/路漫漫.js"
        },
        {
            "key": "去看吧",
            "name": "去看吧｜动漫",
            "type": 3,
            "api": "./js/drpy2.min.js",
            "ext": "./js/去看吧.js"
        },
        {
            "key": "版本信息",
            "name": "版本｜信息",
            "type": 3,
            "api": "csp_Market",
            "searchable": 0,
            "changeable": 0,
            "indexs": 0,
            "ext": "https://pizazz.s3.bitiful.net/multi.json"
        },
        {
            "key": "push_agent",
            "name": "手机｜推送",
            "type": 3,
            "api": "csp_Push",
            "searchable": 0,
            "filterable": 0,
            "changeable": 0
        }
    ],
    "parses": [
        {
            "name": "聚合",
            "type": 3,
            "url": "Web"
        },
        {
            "name": "虾米",
            "type": 0,
            "url": "https://jx.xmflv.com/?url=",
            "ext": {
                "header": {
                    "user-agent": "Mozilla/5.0 (Windows NT 10.0; Win64; x64) AppleWebKit/537.36 (KHTML, like Gecko) Chrome/110.0.0.0 Safari/537.36 Edg/110.0.1587.57"
                }
            }
        },
        {
            "name": "咸鱼",
            "type": 0,
            "url": "https://jx.xymp4.cc/?url=",
            "ext": {
                "header": {
                    "user-agent": "Mozilla/5.0 (X11; Linux x86_64) AppleWebKit/537.36 (KHTML, like Gecko) Chrome/134.0.0.0 Safari/537.36 Edg/134.0.3124.68"
                }
            }
        },
        {
            "name": "淘片",
            "type": 0,
            "url": "https://jx.yparse.com/index.php?url=",
            "ext": {
                "header": {
                    "user-agent": "Mozilla/5.0 (Linux; Android 13; V2049A Build/TP1A.220624.014; wv) AppleWebKit/537.36 (KHTML, like Gecko) Version/4.0 Chrome/116.0.0.0 Mobile Safari/537.36"
                }
            }
        },
        {
            "name": "冰豆",
            "type": 0,
            "url": "https://bd.jx.cn/?url=",
            "ext": {
                "header": {
                    "user-agent": "Mozilla/5.0 (Linux; Android 13; V2049A Build/TP1A.220624.014; wv) AppleWebKit/537.36 (KHTML, like Gecko) Version/4.0 Chrome/116.0.0.0 Mobile Safari/537.36"
                }
            }
        },
        {
            "name": "七七",
            "type": 0,
            "url": "https://jx.77flv.cc/?url=",
            "ext": {
                "header": {
                    "user-agent": "Mozilla/5.0 (Linux; Android 13; V2049A Build/TP1A.220624.014; wv) AppleWebKit/537.36 (KHTML, like Gecko) Version/4.0 Chrome/116.0.0.0 Mobile Safari/537.36"
                }
            }
        },
        {
            "name": "盘古",
            "type": 0,
            "url": "https://www.playm3u8.cn/jiexi.php?url=",
            "ext": {
                "header": {
                    "user-agent": "Mozilla/5.0 (Linux; Android 13; V2049A Build/TP1A.220624.014; wv) AppleWebKit/537.36 (KHTML, like Gecko) Version/4.0 Chrome/116.0.0.0 Mobile Safari/537.36"
                }
            }
        },
        {
            "name": "夜幕",
            "type": 0,
            "url": "https://yemu.xyz/?url=",
            "ext": {
                "header": {
                    "user-agent": "Mozilla/5.0 (Linux; Android 13; V2049A Build/TP1A.220624.014; wv) AppleWebKit/537.36 (KHTML, like Gecko) Version/4.0 Chrome/116.0.0.0 Mobile Safari/537.36"
                }
            }
        }
    ],
    "rules": [
        {
            "name": "农民",
            "hosts": [
                "toutiaovod.com"
            ],
            "regex": [
                "video/tos/cn"
            ]
        },
        {
            "name": "火山",
            "hosts": [
                "huoshan.com"
            ],
            "regex": [
                "item_id="
            ]
        },
        {
            "name": "抖音",
            "hosts": [
                "douyin.com"
            ],
            "regex": [
                "is_play_url="
            ]
        },
        {
            "name": "磁力广告",
            "hosts": [
                "magnet"
            ],
            "regex": [
                "更多",
                "请访问",
                "example",
                "社 區",
                "x u u",
                "直 播",
                "更 新",
                "社 区",
                "有趣",
                "有 趣",
                "英皇体育",
                "全中文AV在线",
                "澳门皇冠赌场",
                "哥哥快来",
                "美女荷官",
                "裸聊",
                "新片首发",
                "UUE29"
            ]
        },
        {
            "name": "饭团点击",
            "hosts": [
                "dadagui",
                "freeok",
                "dadagui"
            ],
            "script": [
                "document.querySelector(\"#playleftiframe\").contentWindow.document.querySelector(\"#start\").click();"
            ]
        },
        {
            "name": "毛驴点击",
            "hosts": [
                "www.maolvys.com"
            ],
            "script": [
                "document.getElementsByClassName('swal-buttonswal-button--confirm')[0].click()"
            ]
        }
    ],
    "doh": [
        {
            "name": "Google",
            "url": "https://dns.google/dns-query",
            "ips": [
                "8.8.4.4",
                "8.8.8.8"
            ]
        },
        {
            "name": "Cloudflare",
            "url": "https://cloudflare-dns.com/dns-query",
            "ips": [
                "1.1.1.1",
                "1.0.0.1",
                "2606:4700:4700::1111",
                "2606:4700:4700::1001"
            ]
        },
        {
            "name": "AdGuard",
            "url": "https://dns.adguard.com/dns-query",
            "ips": [
                "94.140.14.140",
                "94.140.14.141"
            ]
        },
        {
            "name": "DNSWatch",
            "url": "https://resolver2.dns.watch/dns-query",
            "ips": [
                "84.200.69.80",
                "84.200.70.40"
            ]
        },
        {
            "name": "Quad9",
            "url": "https://dns.quad9.net/dns-quer",
            "ips": [
                "9.9.9.9",
                "149.112.112.112"
            ]
        }
    ],
    "flags": [
        "youku",
        "优酷",
        "优 酷",
        "优酷视频",
        "qq",
        "腾讯",
        "腾 讯",
        "腾讯视频",
        "iqiyi",
        "qiyi",
        "奇艺",
        "爱奇艺",
        "爱 奇 艺",
        "m1905",
        "xigua",
        "letv",
        "leshi",
        "乐视",
        "乐 视",
        "sohu",
        "搜狐",
        "搜 狐",
        "搜狐视频",
        "tudou",
        "pptv",
        "mgtv",
        "芒果",
        "imgo",
        "芒果TV",
        "芒 果 T V",
        "bilibili",
        "哔 哩",
        "哔 哩 哔 哩"
    ],
    "ijk": [
        {
            "group": "软解码",
            "options": [
                {
                    "category": 4,
                    "name": "opensles",
                    "value": "0"
                },
                {
                    "category": 4,
                    "name": "overlay-format",
                    "value": "842225234"
                },
                {
                    "category": 4,
                    "name": "framedrop",
                    "value": "1"
                },
                {
                    "category": 4,
                    "name": "soundtouch",
                    "value": "1"
                },
                {
                    "category": 4,
                    "name": "start-on-prepared",
                    "value": "1"
                },
                {
                    "category": 1,
                    "name": "http-detect-range-support",
                    "value": "0"
                },
                {
                    "category": 1,
                    "name": "fflags",
                    "value": "fastseek"
                },
                {
                    "category": 2,
                    "name": "skip_loop_filter",
                    "value": "48"
                },
                {
                    "category": 4,
                    "name": "reconnect",
                    "value": "1"
                },
                {
                    "category": 4,
                    "name": "enable-accurate-seek",
                    "value": "0"
                },
                {
                    "category": 4,
                    "name": "mediacodec",
                    "value": "0"
                },
                {
                    "category": 4,
                    "name": "mediacodec-auto-rotate",
                    "value": "0"
                },
                {
                    "category": 4,
                    "name": "mediacodec-handle-resolution-change",
                    "value": "0"
                },
                {
                    "category": 4,
                    "name": "mediacodec-hevc",
                    "value": "0"
                },
                {
                    "category": 1,
                    "name": "dns_cache_timeout",
                    "value": "600000000"
                }
            ]
        },
        {
            "group": "硬解码",
            "options": [
                {
                    "category": 4,
                    "name": "opensles",
                    "value": "0"
                },
                {
                    "category": 4,
                    "name": "overlay-format",
                    "value": "842225234"
                },
                {
                    "category": 4,
                    "name": "framedrop",
                    "value": "1"
                },
                {
                    "category": 4,
                    "name": "soundtouch",
                    "value": "1"
                },
                {
                    "category": 4,
                    "name": "start-on-prepared",
                    "value": "1"
                },
                {
                    "category": 1,
                    "name": "http-detect-range-support",
                    "value": "0"
                },
                {
                    "category": 1,
                    "name": "fflags",
                    "value": "fastseek"
                },
                {
                    "category": 2,
                    "name": "skip_loop_filter",
                    "value": "48"
                },
                {
                    "category": 4,
                    "name": "reconnect",
                    "value": "1"
                },
                {
                    "category": 4,
                    "name": "enable-accurate-seek",
                    "value": "0"
                },
                {
                    "category": 4,
                    "name": "mediacodec",
                    "value": "1"
                },
                {
                    "category": 4,
                    "name": "mediacodec-auto-rotate",
                    "value": "1"
                },
                {
                    "category": 4,
                    "name": "mediacodec-handle-resolution-change",
                    "value": "1"
                },
                {
                    "category": 4,
                    "name": "mediacodec-hevc",
                    "value": "1"
                },
                {
                    "category": 1,
                    "name": "dns_cache_timeout",
                    "value": "600000000"
                }
            ]
        }
    ],
    "ads": [
        "static-mozai.4gtv.tv"
    ]
}